<?xml version="1.0" encoding="utf-8" ?>
<dwsync>
<file name="AdminController.php" server="umsframework.com//public_html/lite/" local="132330114611473426" remote="132330996000000000" Dst="2" />
<file name="ErrorController.php" server="umsframework.com//public_html/lite/" local="132330102557281585" remote="132330996000000000" Dst="2" />
<file name="IndexController.php" server="umsframework.com//public_html/lite/" local="132330270024491769" remote="132330996000000000" Dst="2" />
<file name="DashboardController.php" server="umsframework.com//public_html/lite/" local="132330049267644587" remote="132330996000000000" Dst="2" />
<file name="InstallationController.php" server="umsframework.com//public_html/lite/" local="132330318866498412" remote="132330996000000000" Dst="2" />
<file name="LoginController.php" server="umsframework.com//public_html/lite/" local="132329507524437388" remote="132330996000000000" Dst="2" />
<file name="NoteController.php" server="umsframework.com//public_html/lite/" local="132329507524437388" remote="132330996000000000" Dst="2" />
<file name="ProfileController.php" server="umsframework.com//public_html/lite/" local="132329507524437388" remote="132330996000000000" Dst="2" />
<file name="RegisterController.php" server="umsframework.com//public_html/lite/" local="132330241952908466" remote="132330996000000000" Dst="2" />
<file name="UserController.php" server="umsframework.com//public_html/lite/" local="132329507524437388" remote="132330996000000000" Dst="2" />
</dwsync>