<?xml version="1.0" encoding="utf-8" ?>
<dwsync>
<file name="AdminModel.php" server="umsframework.com//public_html/lite/" local="132329507524592470" remote="132330996000000000" Dst="2" />
<file name="AvatarModel.php" server="umsframework.com//public_html/lite/" local="132329507524592470" remote="132330996000000000" Dst="2" />
<file name="CaptchaModel.php" server="umsframework.com//public_html/lite/" local="132329507524592470" remote="132330996000000000" Dst="2" />
<file name="LoginModel.php" server="umsframework.com//public_html/lite/" local="132330268574465413" remote="132330996000000000" Dst="2" />
<file name="NoteModel.php" server="umsframework.com//public_html/lite/" local="132329507524592470" remote="132330996000000000" Dst="2" />
<file name="PasswordResetModel.php" server="umsframework.com//public_html/lite/" local="132330894982217460" remote="132330996000000000" Dst="2" />
<file name="RegistrationModel.php" server="umsframework.com//public_html/lite/" local="132330893851875006" remote="132330996000000000" Dst="2" />
<file name="UserModel.php" server="umsframework.com//public_html/lite/" local="132330017468092101" remote="132330996000000000" Dst="2" />
<file name="UserRoleModel.php" server="umsframework.com//public_html/lite/" local="132329507524592470" remote="132330996000000000" Dst="2" />
</dwsync>